ts_kst,asset,key,value,unit,window,change_abs,change_pct,source,quality,url,notes
2025-10-31 07:42,2s10s,spread,-6.694288407250681,bp,1D,,,Yahoo Finance,secondary,https://finance.yahoo.com/quote/^TNX,잠정(secondary)
2025-10-31 07:42,BTC,corr_nq_20d,0.3064671111299068,corr,20D,,,Yahoo Finance,secondary,https://finance.yahoo.com/quote/^NDX,잠정(secondary)
2025-10-31 07:42,BTC,price,107654.0859375,USD,1D,-2401.21875,-0.021818291783555696,Yahoo Finance,secondary,https://finance.yahoo.com/quote/BTC-USD,잠정(secondary)
2025-10-31 07:42,Brent,curve_M1,64.01000213623047,USD/bbl,M1,,,Yahoo Finance,secondary,https://finance.yahoo.com/quote/BZ=F,잠정(secondary)
2025-10-31 07:42,Brent,curve_M12,64.01000213623047,USD/bbl,M12,,,synthetic-fallback,secondary,https://finance.yahoo.com/quote/B3=F,fallback: ValueError; derived from front
2025-10-31 07:42,Brent,curve_M2,0.7212499976158142,USD/bbl,M2,,,Yahoo Finance,secondary,https://finance.yahoo.com/quote/B0=F,잠정(secondary)
2025-10-31 07:42,Brent,curve_M3,64.01000213623047,USD/bbl,M3,,,synthetic-fallback,secondary,https://finance.yahoo.com/quote/B1=F,fallback: ValueError; derived from front
2025-10-31 07:42,Brent,curve_M6,64.01000213623047,USD/bbl,M6,,,synthetic-fallback,secondary,https://finance.yahoo.com/quote/B2=F,fallback: ValueError; derived from front
2025-10-31 07:42,Copper,price,5.104499816894531,USD/lb,1D,-0.12900018692016602,-0.024648932230082698,Yahoo Finance,secondary,https://finance.yahoo.com/quote/HG=F,잠정(secondary)
2025-10-31 07:42,DXY,corr_kospi_20d,0.40408984774801804,corr,20D,,,Yahoo Finance,secondary,https://finance.yahoo.com/quote/DX-Y.NYB,잠정(secondary)
2025-10-31 07:42,DXY,idx,99.52300262451172,idx,1D,0.30300140380859375,0.003053833905268788,Yahoo Finance,secondary,https://finance.yahoo.com/quote/DX-Y.NYB,잠정(secondary)
2025-10-31 07:42,ES,basis,0.010870193796918327,ratio,spot,,,Yahoo Finance,secondary,https://finance.yahoo.com/quote/ES=F,잠정(secondary)
2025-10-31 07:42,ES,price,6896.5,pt,1D,-26.25,-0.0037918457260481746,Yahoo Finance,secondary,https://finance.yahoo.com/quote/ES=F,잠정(secondary)
2025-10-31 07:42,Gold,price,4036.89990234375,USD/oz,1D,53.199951171875,0.013354407165184542,Yahoo Finance,secondary,https://finance.yahoo.com/quote/GC=F,잠정(secondary)
2025-10-31 07:42,KOSDAQ,advance,6.0,issues,1D,,,Yahoo Finance,secondary,https://finance.yahoo.com,
2025-10-31 07:42,KOSDAQ,decline,13.0,issues,1D,,,Yahoo Finance,secondary,https://finance.yahoo.com,
2025-10-31 07:42,KOSDAQ,idx,890.8599853515625,pt,1D,-10.73004150390625,-0.011901242454211787,Yahoo Finance,secondary,https://finance.yahoo.com/quote/^KQ11,잠정(secondary)
2025-10-31 07:42,KOSDAQ,unchanged,0.0,issues,1D,,,Yahoo Finance,secondary,https://finance.yahoo.com,
2025-10-31 07:42,KOSPI,advance,4.0,issues,1D,,,Yahoo Finance,secondary,https://finance.yahoo.com,
2025-10-31 07:42,KOSPI,decline,15.0,issues,1D,,,Yahoo Finance,secondary,https://finance.yahoo.com,
2025-10-31 07:42,KOSPI,idx,4086.889892578125,pt,1D,5.739990234375,0.0014064639554353543,Yahoo Finance,secondary,https://finance.yahoo.com/quote/^KS11,잠정(secondary)
2025-10-31 07:42,KOSPI,limit_down,0.0,issues,1D,,,Yahoo Finance,secondary,https://finance.yahoo.com,
2025-10-31 07:42,KOSPI,limit_up,0.0,issues,1D,,,Yahoo Finance,secondary,https://finance.yahoo.com,
2025-10-31 07:42,KOSPI,trading_value,9.85380583745,trn KRW,1D,,,Yahoo Finance,secondary,https://finance.yahoo.com,
2025-10-31 07:42,KOSPI,trin,0.09948160702353165,ratio,1D,,,Yahoo Finance,secondary,https://finance.yahoo.com,components-derived
2025-10-31 07:42,KOSPI,unchanged,1.0,issues,1D,,,Yahoo Finance,secondary,https://finance.yahoo.com,
2025-10-31 07:42,KOSPI200,hv30,0.23283735136625847,vol,30D,,,Yahoo Finance,secondary,https://finance.yahoo.com/quote/^KS200,잠정(secondary)
2025-10-31 07:42,KR10Y,change_1d_bp,-0.042182065299423144,bp,1D,,,synthetic-fallback,secondary,https://finance.yahoo.com/quote/^KRWGB10Y,fallback: ValueError
2025-10-31 07:42,KR10Y,yield,3.559942819222653,pct,1D,-0.00042182065299423144,,synthetic-fallback,secondary,https://finance.yahoo.com/quote/^KRWGB10Y,fallback: ValueError
2025-10-31 07:42,KR3Y,change_1d_bp,-0.03374565223950299,bp,1D,,,synthetic-fallback,secondary,https://finance.yahoo.com/quote/^KRWGB3Y,fallback: ValueError
2025-10-31 07:42,KR3Y,yield,3.3679542553781228,pct,1D,-0.0003374565223950299,,synthetic-fallback,secondary,https://finance.yahoo.com/quote/^KRWGB3Y,fallback: ValueError
2025-10-31 07:42,NDX,return_1m,0.037658095265096,pct,1M,,,Yahoo Finance,secondary,https://finance.yahoo.com/quote/^NDX,잠정(secondary)
2025-10-31 07:42,NDX,return_1w,0.02539713618981798,pct,1W,,,Yahoo Finance,secondary,https://finance.yahoo.com/quote/^NDX,잠정(secondary)
2025-10-31 07:42,NDX,spot,25734.8125,pt,1D,-385.037109375,-0.014741168694815208,Yahoo Finance,secondary,https://finance.yahoo.com/quote/^NDX,잠정(secondary)
2025-10-31 07:42,NQ,basis,0.016823029116687756,ratio,spot,,,Yahoo Finance,secondary,https://finance.yahoo.com/quote/NQ=F,잠정(secondary)
2025-10-31 07:42,NQ,price,26167.75,pt,1D,-94.75,-0.0036078058067586863,Yahoo Finance,secondary,https://finance.yahoo.com/quote/NQ=F,잠정(secondary)
2025-10-31 07:42,S&P500,return_1m,0.01656032381735928,pct,1M,,,Yahoo Finance,secondary,https://finance.yahoo.com/quote/^GSPC,잠정(secondary)
2025-10-31 07:42,S&P500,return_1w,0.012450938655430122,pct,1W,,,Yahoo Finance,secondary,https://finance.yahoo.com/quote/^GSPC,잠정(secondary)
2025-10-31 07:42,S&P500,spot,6822.33984375,pt,1D,-68.25,-0.00990481243951925,Yahoo Finance,secondary,https://finance.yahoo.com/quote/^GSPC,잠정(secondary)
2025-10-31 07:42,SOX,return_1m,0.11010583754169834,pct,1M,,,Yahoo Finance,secondary,https://finance.yahoo.com/quote/^SOX,잠정(secondary)
2025-10-31 07:42,SOX,return_1w,0.05383195510664107,pct,1W,,,Yahoo Finance,secondary,https://finance.yahoo.com/quote/^SOX,잠정(secondary)
2025-10-31 07:42,SOX,spot,7215.99853515625,pt,1D,-111.931640625,-0.015274659820713517,Yahoo Finance,secondary,https://finance.yahoo.com/quote/^SOX,잠정(secondary)
2025-10-31 07:42,TIPS10Y,change_1d_bp,-24.00054931640625,bp,1D,,,Yahoo Finance,secondary,https://finance.yahoo.com/quote/TIP,잠정(secondary)
2025-10-31 07:42,TIPS10Y,yield,111.19999694824219,pct,1D,-0.2400054931640625,,Yahoo Finance,secondary,https://finance.yahoo.com/quote/TIP,잠정(secondary)
2025-10-31 07:42,USD/KRW,corr_kospi_20d,0.7117470690269222,corr,20D,,,Yahoo Finance,secondary,https://finance.yahoo.com/quote/KRW=X,잠정(secondary)
2025-10-31 07:42,USD/KRW,spot,1424.9300537109375,KRW,1D,-1.0399169921875,-0.000729269909993078,Yahoo Finance,secondary,https://finance.yahoo.com/quote/KRW=X,잠정(secondary)
2025-10-31 07:42,USD/KRW,vol_1d,0.0,vol,1D,,,Yahoo Finance,secondary,https://finance.yahoo.com/quote/KRW=X,잠정(secondary)
2025-10-31 07:42,USD/KRW,vol_5d,0.046218043821200004,vol,5D,,,Yahoo Finance,secondary,https://finance.yahoo.com/quote/KRW=X,잠정(secondary)
2025-10-31 07:42,UST10Y,change_1d_bp,3.4999847412109375,bp,1D,,,Yahoo Finance,secondary,https://finance.yahoo.com/quote/^TNX,잠정(secondary)
2025-10-31 07:42,UST10Y,yield,4.0929999351501465,pct,1D,0.034999847412109375,,Yahoo Finance,secondary,https://finance.yahoo.com/quote/^TNX,잠정(secondary)
2025-10-31 07:42,UST2Y,change_1d_bp,-0.04218206529946755,bp,1D,,,synthetic-fallback,secondary,https://finance.yahoo.com/quote/^UST2Y,fallback: ValueError
2025-10-31 07:42,UST2Y,yield,4.159942819222653,pct,1D,-0.0004218206529946755,,synthetic-fallback,secondary,https://finance.yahoo.com/quote/^UST2Y,fallback: ValueError
2025-10-31 07:42,WTI,price,60.279998779296875,USD/bbl,1D,-0.20000076293945312,-0.003306890946647283,Yahoo Finance,secondary,https://finance.yahoo.com/quote/CL=F,잠정(secondary)
